Address,Lot,Price,Link
Laguna,80,1477300,https://www.unionbankph.com/foreclosed-properties/6231
Laguna,80,1477300,https://www.unionbankph.com/foreclosed-properties/6250
Laguna,80,1477300,https://www.unionbankph.com/foreclosed-properties/6272
Laguna,80,1477300,https://www.unionbankph.com/foreclosed-properties/6290
Laguna,80,1477300,https://www.unionbankph.com/foreclosed-properties/6309
NCR,544,17311000,https://www.unionbankph.com/foreclosed-properties/5080
Bulacan,152,8760000,https://www.unionbankph.com/foreclosed-properties/6035
Laguna,98,1561450,https://www.unionbankph.com/foreclosed-properties/6222
Laguna,119,1659630,https://www.unionbankph.com/foreclosed-properties/6244
Laguna,80,1477300,https://www.unionbankph.com/foreclosed-properties/6267
Laguna,80,1477300,https://www.unionbankph.com/foreclosed-properties/6284
Laguna,80,1477300,https://www.unionbankph.com/foreclosed-properties/6304
Bulacan,48,2700000,https://www.unionbankph.com/foreclosed-properties/5711
Laguna,88,1514700,https://www.unionbankph.com/foreclosed-properties/6239
Laguna,80,1477300,https://www.unionbankph.com/foreclosed-properties/6257
Laguna,80,1477300,https://www.unionbankph.com/foreclosed-properties/6278
Laguna,80,1477300,https://www.unionbankph.com/foreclosed-properties/6298
NCR,69,2230000,https://www.unionbankph.com/foreclosed-properties/6315
Cavite,138,5561000,https://www.unionbankph.com/foreclosed-properties/5491
Cavite,54,2430000,https://www.unionbankph.com/foreclosed-properties/6208
Laguna,80,1477300,https://www.unionbankph.com/foreclosed-properties/6232
Laguna,80,1477300,https://www.unionbankph.com/foreclosed-properties/6258
Laguna,128,1701700,https://www.unionbankph.com/foreclosed-properties/6279
Laguna,107,1603530,https://www.unionbankph.com/foreclosed-properties/6299
Laguna,180,3900000,https://www.unionbankph.com/foreclosed-properties/6317
NCR,45,5014240,https://www.unionbankph.com/foreclosed-properties/6678
NCR,6,4335000,https://www.unionbankph.com/foreclosed-properties/3291
Cavite,718,5742000,https://www.unionbankph.com/foreclosed-properties/3436
Davao,48,3984000,https://www.unionbankph.com/foreclosed-properties/4802
Laguna,182,2675400,https://www.unionbankph.com/foreclosed-properties/5363
NCR,25,3150000,https://www.unionbankph.com/foreclosed-properties/5454
Bulacan,48,2700000,https://www.unionbankph.com/foreclosed-properties/5711
Nueva Ecija,60,2990000,https://www.unionbankph.com/foreclosed-properties/6059
Laguna,80,1477300,https://www.unionbankph.com/foreclosed-properties/6234
Laguna,80,1477300,https://www.unionbankph.com/foreclosed-properties/6253
Laguna,80,1477300,https://www.unionbankph.com/foreclosed-properties/6274
Laguna,80,1477300,https://www.unionbankph.com/foreclosed-properties/6293
Laguna,80,1477300,https://www.unionbankph.com/foreclosed-properties/6311
NCR,32,4799000,https://www.unionbankph.com/foreclosed-properties/6673
NCR,29,3438830,https://www.unionbankph.com/foreclosed-properties/3388
NCR,23,2705000,https://www.unionbankph.com/foreclosed-properties/3458
Laguna,159,2114700,https://www.unionbankph.com/foreclosed-properties/5357
Laguna,289,6012000,https://www.unionbankph.com/foreclosed-properties/5366
Cavite,138,5561000,https://www.unionbankph.com/foreclosed-properties/5491
NCR,88,6895000,https://www.unionbankph.com/foreclosed-properties/5834
Laguna,104,1589500,https://www.unionbankph.com/foreclosed-properties/6212
Laguna,80,1477300,https://www.unionbankph.com/foreclosed-properties/6238
Laguna,80,1477300,https://www.unionbankph.com/foreclosed-properties/6256
Misamis Oriental,80,1477300,https://www.unionbankph.com/foreclosed-properties/6277
Laguna,80,1477300,https://www.unionbankph.com/foreclosed-properties/6297
Laguna,80,1477300,https://www.unionbankph.com/foreclosed-properties/6314
NCR,26,4144000,https://www.unionbankph.com/foreclosed-properties/6676
Batangas,449,6735000,https://www.unionbankph.com/foreclosed-properties/3219
NCR,50,7020000,https://www.unionbankph.com/foreclosed-properties/3428
NCR,41,3847500,https://www.unionbankph.com/foreclosed-properties/4300
Laguna,374,4974200,https://www.unionbankph.com/foreclosed-properties/5361
NCR,27,3186000,https://www.unionbankph.com/foreclosed-properties/5448
NCR,76,5028540,https://www.unionbankph.com/foreclosed-properties/5700
Misamis Oriental,107,4400000,https://www.unionbankph.com/foreclosed-properties/6048
Laguna,80,1477300,https://www.unionbankph.com/foreclosed-properties/6231
Laguna,80,1477300,https://www.unionbankph.com/foreclosed-properties/6250
Laguna,80,1477300,https://www.unionbankph.com/foreclosed-properties/6272
Laguna,80,1477300,https://www.unionbankph.com/foreclosed-properties/6290
